"Media","TV Primetime","TV Non-Primetime","OLV - Tier 1","OLV - Tier 2","OLV - Tier 3","Tablet / Mobile"
"TV Primetime",NA,"0.121277012524272","0.0738800703740315","0.0226560799126175","0.0225254710469511","0.0235385776483083"
"TV Non-Primetime",NA,NA,"0.073741481983803","0.0226135803639831","0.0224832165017709","0.0234944226607991"
"OLV - Tier 1",NA,NA,NA,"0.0211314434676554","0.0210096238999345","0.0219545536916663"
"OLV - Tier 2",NA,NA,NA,NA,"0.0194170466163365","0.0195572283305586"
"OLV - Tier 3",NA,NA,NA,NA,NA,"0.0194444838744265"
"Tablet / Mobile",NA,NA,NA,NA,NA,NA
