"Media","OLV - Tier 1","OLV - Tier 2","OLV - Tier 3","Tablet / Mobile","TV Non-Primetime","TV Primetime","All other duplicated reach","Total"
"Budget","1.29035733827891e-17","6.57263709439366e-17","5.6141033139289e-19","4.88082683387336e-13","461.031526990128","538.968473009872","","1000"
"Allocation","1.29035733827891e-20","6.57263709439366e-20","5.6141033139289e-22","4.88082683387336e-16","0.461031526990127","0.538968473009872","","1"
"Gross Reach (Universal)","0","0","0","1.26654242649238e-17","0.160172720900184","0.190757235714617","","0.350929956614801"
"Gross Reach (In-channel)","0","0","0","2.53308485298476e-17","0.320345441800368","0.381514471429234","0.0953634131879958","0.701859913229601"
"Net reach","0","0","0","4.30386409300619e-18","0.064809307712188","0.0953938225266209","","0.255566543426805"
"Total 30s GRPs (Universal)","3.22589334569727e-19","2.00998076281152e-18","3.11894628551606e-20","1.27104865465452e-14","15.1157877701681","13.8197044361506","All other duplicated reach","28.9354922063187"
"Total 30s GRPs (In-channel)","6.45178669139454e-19","4.01996152562304e-18","6.23789257103211e-20","2.54209730930904e-14","30.2315755403362","27.6394088723011","","57.8709844126374"
