"Media","OLV - Tier 1","OLV - Tier 2","OLV - Tier 3","Tablet / Mobile","TV Non-Primetime","TV Primetime","All other duplicated reach","Total"
"Budget","0.000377860117824668","8.64719166582427e-06","4.36656427972672e-06","1.73578152214692e-05","8.58085392250882e-06","8.13370331653984e-06","","0.000424946246230737"
"Allocation","0.889195095088563","0.0203489070500673","0.0102755685418051","0.0408470844852322","0.0201927984977413","0.019140546336591","","1"
"Gross Reach (Total Universe)","0.12288771","0.05","0.05","0.05","0.25","0.25","","0.77288771"
"Gross Reach (Channel Universe)","0.24577542","0.1","0.1","0.1","0.5","0.5","0.209465262994961","1.54577542"
"Net reach","0.0296327391641016","0.0111317883992578","0.0111317883992578","0.0111317883992578","0.0705013265286328","0.0705013265286328","","0.413496020414102"
"Total 30s GRPs (Total Universe)","944.650294561671","26.4440112104718","24.2586904429262","45.2026438059094","28.1339472869142","20.8556495295893","","1089.54523683748"
"Total 30s GRPs (Channel Universe)","1889.30058912334","52.8880224209435","48.5173808858524","90.4052876118189","56.2678945738283","41.7112990591787","","2179.09047367496"
